name,status,archived,created_at,scheduled_at,updated_at,send_time
Reminder - Week's Exclusive Offer,Sent,False,2025-02-19T07:51:50.738470+00:00,2025-02-20T08:25:48.263812+00:00,2025-02-23T16:29:57.521788+00:00,2025-02-23T16:30:00+00:00
[Follow-up] Extra -15% Off in our LMTD Collection,Sent,False,2025-02-17T08:00:38.607865+00:00,2025-02-17T08:00:40.655561+00:00,2025-02-19T07:44:47.837349+00:00,2025-02-19T07:45:00+00:00
Extra -15% Off in our LMTD Collection,Sent,False,2025-02-10T14:16:26.685743+00:00,2025-02-10T14:16:55.819733+00:00,2025-02-17T08:14:47.015122+00:00,2025-02-17T08:15:00+00:00
Extra -15% Off in our LMTD Collection,Sent,False,2025-02-10T14:14:45.916797+00:00,2025-02-10T14:17:52.925419+00:00,2025-02-17T07:44:52.182833+00:00,2025-02-17T07:45:00+00:00
[Follow-up] The Perfect Shoes for Your Valentine's Look! Romantic or Casual?,Sent,False,2025-02-12T12:30:46.585767+00:00,2025-02-12T12:30:48.284464+00:00,2025-02-14T12:30:02.214124+00:00,2025-02-14T12:30:00+00:00
ALERT! Last Chance for Winter Sale – Deal ends February 28th,Queued without Recipients,False,2025-02-13T11:24:50.975900+00:00,2025-02-13T11:25:14.071781+00:00,2025-02-13T11:25:14.709378+00:00,2025-02-28T07:00:00+00:00
ALERT! Last Chance for Winter Sale – Deal ends February 28th,Queued without Recipients,False,2025-02-13T11:16:24.230449+00:00,2025-02-13T11:24:24.739873+00:00,2025-02-13T11:24:25.306068+00:00,2025-02-28T07:00:00+00:00
The Perfect Shoes for Your Valentine's Look! Romantic or Casual?,Sent,False,2025-02-12T07:33:14.078881+00:00,2025-02-12T07:41:02.004558+00:00,2025-02-12T12:29:56.263940+00:00,2025-02-12T12:30:00+00:00
Winter Sale is still here.,Sent,False,2025-02-04T09:31:52.699431+00:00,2025-02-04T09:43:28.517955+00:00,2025-02-05T02:14:51.905946+00:00,2025-02-04T18:15:00+00:00
Winter Sale is still here.,Sent,False,2025-02-04T09:43:47.771259+00:00,2025-02-04T09:44:08.887189+00:00,2025-02-04T16:14:46.756151+00:00,2025-02-04T16:15:00+00:00
Limited-Time Extra 10_ Off,Sent,False,2025-01-21T09:42:36.004306+00:00,2025-01-21T09:44:03.561594+00:00,2025-01-28T08:14:51.202649+00:00,2025-01-28T08:15:00+00:00
Limited-Time Extra 10_ Off,Sent,False,2025-01-15T11:42:52.751942+00:00,2025-01-21T09:42:20.910247+00:00,2025-01-28T08:14:49.586442+00:00,2025-01-28T08:15:00+00:00
Style Quiz: Find Your Perfect Shoe ON SALE!,Sent,False,2025-01-15T11:04:28.214510+00:00,2025-01-21T09:32:13.292321+00:00,2025-01-23T15:44:52.591593+00:00,2025-01-23T15:45:00+00:00
January Wrap-Up - Best Sellers of the Month.,Sent,False,2025-01-15T11:31:25.486095+00:00,2025-01-15T11:57:55.635440+00:00,2025-01-20T07:14:46.118661+00:00,2025-01-20T07:15:00+00:00
Gentlemen Basics. Premium Collection,Sent,False,2025-01-15T11:17:49.271549+00:00,2025-01-15T11:57:29.990725+00:00,2025-01-17T15:15:15.381154+00:00,2025-01-17T15:15:00+00:00
Leather Loafers Back in Stock and On Sale!,Sent,False,2025-01-06T09:20:58.714824+00:00,2025-01-06T09:21:22.898602+00:00,2025-01-14T08:14:56.914809+00:00,2025-01-14T08:15:00+00:00
Leather Loafers Back in Stock and On Sale!,Sent,False,2025-01-02T10:49:01.485737+00:00,2025-01-06T09:20:46.193866+00:00,2025-01-14T08:14:53.675376+00:00,2025-01-14T08:15:00+00:00
Exclusive Gift_ Free Leather Belt with Purchase,Sent,False,2025-01-02T10:28:46.971913+00:00,2025-01-02T10:39:11.358231+00:00,2025-01-09T08:14:59.212281+00:00,2025-01-09T08:15:00+00:00
Exclusive Gift_ Free Leather Belt with Purchase,Sent,False,2025-01-02T10:39:25.497270+00:00,2025-01-02T10:39:46.166243+00:00,2025-01-09T08:14:58.402844+00:00,2025-01-09T08:15:00+00:00
A Signature Puffer Bag,Sent,False,2025-01-01T12:37:59.102513+00:00,2025-01-01T12:48:15.254521+00:00,2025-01-07T16:14:49.987019+00:00,2025-01-07T16:15:00+00:00
A Signature Puffer Bag,Sent,False,2025-01-01T12:49:35.328019+00:00,2025-01-01T12:50:03.285757+00:00,2025-01-07T16:14:49.760720+00:00,2025-01-07T16:15:00+00:00
"New Year, New Vibes",Sent,False,2025-01-01T12:13:10.564819+00:00,2025-01-06T09:08:36.766984+00:00,2025-01-06T09:09:39.813474+00:00,2025-01-06T09:08:37+00:00
Essentials for New Year's Eve,Sent,False,2024-12-30T08:39:52.566811+00:00,2024-12-30T08:40:00.370405+00:00,2024-12-30T08:41:00.876600+00:00,2024-12-30T08:40:00+00:00
Essentials for New Year's Eve,Sent,False,2024-12-26T09:38:24.479819+00:00,2024-12-30T08:39:42.147594+00:00,2024-12-30T08:40:40.867513+00:00,2024-12-30T08:39:42+00:00
Accessories that make a difference,Sent,False,2024-12-17T12:04:55.365449+00:00,2024-12-17T13:11:20.284039+00:00,2024-12-27T19:00:06.230106+00:00,2024-12-27T11:00:00+00:00
Accessories that make a difference,Sent,False,2024-12-17T11:57:52.070078+00:00,2024-12-17T13:11:28.564701+00:00,2024-12-27T19:00:05.272995+00:00,2024-12-27T11:00:00+00:00
No time like the present...,Sent,False,2024-12-17T11:55:50.721245+00:00,2024-12-17T13:10:03.380192+00:00,2024-12-21T01:44:48.515015+00:00,2024-12-20T17:45:00+00:00
No time like the present...,Sent,False,2024-12-17T11:49:16.759756+00:00,2024-12-17T13:09:52.933481+00:00,2024-12-21T01:44:47.219429+00:00,2024-12-20T17:45:00+00:00
Festive shoes. Combine style and comfort,Sent,False,2024-12-17T11:40:26.155017+00:00,2024-12-17T11:45:09.383297+00:00,2024-12-17T16:14:57.144694+00:00,2024-12-17T16:15:00+00:00
Festive shoes. Combine style and comfort,Sent,False,2024-12-17T11:45:26.297641+00:00,2024-12-17T11:46:24.911463+00:00,2024-12-17T16:14:53.303778+00:00,2024-12-17T16:15:00+00:00
Treat yourself to 15% OFF,Sent,False,2024-12-09T15:48:59.132662+00:00,2024-12-09T16:19:20.132225+00:00,2024-12-13T08:14:50.358130+00:00,2024-12-13T08:15:00+00:00
Treat yourself to 15% OFF,Sent,False,2024-12-09T16:19:32.662678+00:00,2024-12-09T16:19:54.859600+00:00,2024-12-13T08:14:49.170436+00:00,2024-12-13T08:15:00+00:00
Fenomilano Icons,Sent,False,2024-12-02T15:15:36.579460+00:00,2024-12-02T15:16:04.294035+00:00,2024-12-10T18:00:17.869895+00:00,2024-12-10T10:00:00+00:00
Fenomilano Icons,Sent,False,2024-12-02T14:28:59.599479+00:00,2024-12-02T15:15:20.812359+00:00,2024-12-10T17:59:51.820230+00:00,2024-12-10T10:00:00+00:00
"Your favorites, back in stock.",Sent,False,2024-12-02T13:55:59.014072+00:00,2024-12-02T14:28:21.482129+00:00,2024-12-05T16:00:55.113126+00:00,2024-12-05T16:00:00+00:00
"Black Friday is over, Cyber Monday is here with up to -50%.",Sent,False,2024-12-02T13:27:46.875086+00:00,2024-12-02T13:49:31.546875+00:00,2024-12-02T16:30:08.102640+00:00,2024-12-02T16:30:00+00:00
"Black Friday is over, Cyber Monday is here with up to -50%.",Sent,False,2024-12-02T13:50:15.268088+00:00,2024-12-02T13:50:42.597091+00:00,2024-12-02T16:30:07.920786+00:00,2024-12-02T16:30:00+00:00
"Limited Time, Limitless Style – Black Friday Deals!",Sent,False,2024-11-22T05:55:55.487462+00:00,2024-11-22T05:56:15.176257+00:00,2024-11-29T18:00:23.341281+00:00,2024-11-29T10:00:00+00:00
"Limited Time, Limitless Style – Black Friday Deals!",Sent,False,2024-11-22T05:43:06.924016+00:00,2024-11-22T05:55:42.547671+00:00,2024-11-29T18:00:11.146319+00:00,2024-11-29T10:00:00+00:00
Fall-ing in BLACK FRIDAY offers,Sent,False,2024-11-22T05:32:43.662807+00:00,2024-11-22T05:40:22.021187+00:00,2024-11-23T18:00:21.887987+00:00,2024-11-23T10:00:00+00:00
From Day to Night: Your Perfect Pair Awaits,Sent,False,2024-11-19T13:37:06.544696+00:00,2024-11-19T13:37:22.209142+00:00,2024-11-22T02:00:07.660844+00:00,2024-11-21T18:00:00+00:00
From Day to Night: Your Perfect Pair Awaits,Sent,False,2024-11-18T10:24:09.383056+00:00,2024-11-18T10:36:28.015335+00:00,2024-11-21T18:29:54.178007+00:00,2024-11-21T10:30:00+00:00
ΠΑΓΚΟΣΜΙΑ ΗΜΕΡΑ ΑΝΤΡΩΝ,Sent,False,2024-11-18T10:12:34.733578+00:00,2024-11-18T10:21:25.049649+00:00,2024-11-20T01:59:48.875208+00:00,2024-11-19T18:00:00+00:00
ΠΑΓΚΟΣΜΙΑ ΗΜΕΡΑ ΑΝΤΡΩΝ,Sent,False,2024-11-19T13:36:28.562921+00:00,2024-11-19T13:36:50.881469+00:00,2024-11-19T15:59:53.295915+00:00,2024-11-19T16:00:00+00:00
"Landed, grounded, ready for action",Sent,False,2024-11-06T13:01:22.338259+00:00,2024-11-06T13:31:47.948502+00:00,2024-11-16T02:00:14.024593+00:00,2024-11-15T18:00:00+00:00
Discover the new Bubble Sneakers,Sent,False,2024-11-06T12:59:17.805589+00:00,2024-11-06T12:59:43.759085+00:00,2024-11-13T02:29:54.940701+00:00,2024-11-12T18:30:00+00:00
Discover the new Bubble Sneakers,Sent,False,2024-11-06T12:45:46.274286+00:00,2024-11-06T12:59:06.028518+00:00,2024-11-13T02:00:01.320373+00:00,2024-11-12T18:00:00+00:00
Contemporary touch,Sent,False,2024-11-06T12:25:37.976900+00:00,2024-11-06T12:43:01.914417+00:00,2024-11-08T18:29:50.218623+00:00,2024-11-08T10:30:00+00:00
A new signature (The F-Sneakers),Sent,False,2024-11-01T05:00:51.302564+00:00,2024-11-01T14:18:54.068091+00:00,2024-11-05T18:00:48.460700+00:00,2024-11-05T10:00:00+00:00
???? Fall Trends Unveiled! Your 2024 shoes guide.,Sent,False,2024-10-10T16:20:17.747737+00:00,2024-10-21T11:47:00.395941+00:00,2024-10-31T16:00:29.891578+00:00,2024-10-31T16:00:00+00:00
Fall Trends Unveiled! Your 2024 shoes guide. (clone),Sent,False,2024-10-21T11:47:12.489062+00:00,2024-10-21T11:47:46.719101+00:00,2024-10-31T15:59:51.059906+00:00,2024-10-31T16:00:00+00:00
Men in Black_ You can never go wrong wearing black shoes,Sent,False,2024-10-10T17:03:30.803286+00:00,2024-10-10T17:11:52.190119+00:00,2024-10-29T16:29:56.254266+00:00,2024-10-29T16:30:00+00:00
Men in Black_ You can never go wrong wearing black shoes,Sent,False,2024-10-11T08:10:29.416196+00:00,2024-10-11T08:10:48.115867+00:00,2024-10-29T16:29:48.545572+00:00,2024-10-29T16:30:00+00:00
10% extra off sitewide! Your exclusive Fenomilano coupon inside.,Sent,False,2024-10-10T16:41:25.587261+00:00,2024-10-10T17:01:54.338470+00:00,2024-10-24T15:29:52.838677+00:00,2024-10-24T15:30:00+00:00
10% extra off sitewide! Your exclusive Fenomilano coupon inside.,Sent,False,2024-10-11T08:09:42.302433+00:00,2024-10-11T08:10:00.923745+00:00,2024-10-24T15:29:50.949213+00:00,2024-10-24T15:30:00+00:00
"Your dream shoes, crafted by you! Give it a try!",Sent,False,2024-10-11T08:09:00.054122+00:00,2024-10-11T08:09:18.600665+00:00,2024-10-22T15:00:00.826858+00:00,2024-10-22T15:00:00+00:00
"Your dream shoes, crafted by you! Give it a try!",Sent,False,2024-10-10T16:24:12.865689+00:00,2024-10-10T16:37:15.952197+00:00,2024-10-22T14:59:55.662370+00:00,2024-10-22T15:00:00+00:00
Must-Have shoes for October 2024,Sent,False,2024-10-11T08:08:21.596356+00:00,2024-10-11T08:08:39.194086+00:00,2024-10-15T15:00:04.818152+00:00,2024-10-15T15:00:00+00:00
Must-Have shoes for October 2024,Sent,False,2024-10-10T15:54:34.179486+00:00,2024-10-10T16:14:35.730112+00:00,2024-10-15T14:59:59.329907+00:00,2024-10-15T15:00:00+00:00
October Limited Sale. Luxury leather shoes up to -60%,Sent,False,2024-10-08T12:31:02.971525+00:00,2024-10-09T05:43:39.650204+00:00,2024-10-10T14:59:55.555918+00:00,2024-10-10T15:00:00+00:00
Beat the rain with Fenomilano’s waterproof shoes collection,Sent,False,2024-10-02T04:00:56.041262+00:00,2024-10-02T04:23:00.194963+00:00,2024-10-08T15:00:41.089297+00:00,2024-10-08T15:00:00+00:00
Ready for the new season? Fall shoes that stand out. (clone),Sent,False,2024-10-02T03:59:20.610041+00:00,2024-10-02T03:59:45.885290+00:00,2024-10-03T15:29:53.033664+00:00,2024-10-03T15:30:00+00:00
Ready for the new season? Fall shoes that stand out.,Sent,False,2024-10-02T03:32:43.720052+00:00,2024-10-02T03:59:07.725793+00:00,2024-10-03T15:29:48.174639+00:00,2024-10-03T15:30:00+00:00
Η νέα συλλογή παπουτσιών που ορίζει το στιλ,Sent,False,2024-09-27T15:24:20.875472+00:00,2024-09-29T03:52:46.406773+00:00,2024-09-30T15:00:31.690180+00:00,2024-09-30T15:00:00+00:00
Step up your WInter game,Sent,False,2024-09-23T10:05:54.776017+00:00,2024-09-24T04:21:00.478510+00:00,2024-09-28T16:00:03.998704+00:00,2024-09-28T16:00:00+00:00
Step up your WInter game,Sent,False,2024-09-23T05:32:11.767033+00:00,2024-09-24T04:21:10.066509+00:00,2024-09-28T15:59:57.410616+00:00,2024-09-28T16:00:00+00:00
NEW ARRIVALS ONLINE,Sent,False,2024-09-23T10:07:27.935873+00:00,2024-09-23T10:08:07.307330+00:00,2024-09-25T14:59:50.965413+00:00,2024-09-25T15:00:00+00:00
NEW ARRIVALS ONLINE,Sent,False,2024-09-23T05:19:32.123464+00:00,2024-09-23T05:30:45.206815+00:00,2024-09-25T07:00:08.858527+00:00,2024-09-25T07:00:00+00:00
Behind The Scenes,Sent,False,2024-09-23T04:55:14.792610+00:00,2024-09-23T05:15:19.381996+00:00,2024-09-23T15:00:01.142000+00:00,2024-09-23T15:00:00+00:00
If these shoes could talk,Sent,False,2024-09-09T10:05:25.243728+00:00,2024-09-09T10:18:37.032185+00:00,2024-09-16T15:44:48.108165+00:00,2024-09-16T15:45:00+00:00
Autumn Essentials: Handcrafted Loafers for the modern men,Sent,False,2024-09-09T09:27:13.925319+00:00,2024-09-09T11:03:35.995677+00:00,2024-09-11T15:29:55.834339+00:00,2024-09-11T15:30:00+00:00
Stay comfortable and stylish everyday with Fenomilano sneakers,Sent,False,2024-09-09T09:47:21.319834+00:00,2024-09-09T10:02:33.865129+00:00,2024-09-11T15:29:52.965321+00:00,2024-09-11T15:30:00+00:00
Don’t forget your socks,Sent,False,2024-09-07T06:48:03.541049+00:00,2024-09-07T07:02:16.037777+00:00,2024-09-07T16:00:12.967108+00:00,2024-09-07T16:00:00+00:00
Your FINAL chance to 50% off ⏳,Sent,False,2024-08-08T07:29:56.828670+00:00,2024-08-08T07:56:37.853913+00:00,2024-08-29T15:00:19.599412+00:00,2024-08-29T15:00:00+00:00
"Clean, Crisp White Sneakers",Sent,False,2024-08-07T13:47:37.727648+00:00,2024-08-08T07:59:38.723255+00:00,2024-08-26T15:00:37.620298+00:00,2024-08-26T15:00:00+00:00
Special occassions,Sent,False,2024-08-07T13:31:02.939332+00:00,2024-08-07T13:47:03.426275+00:00,2024-08-22T15:00:13.113481+00:00,2024-08-22T15:00:00+00:00
Your 50€ Gift Voucher. Don_t Miss Out!,Sent,False,2024-08-07T13:22:15.622725+00:00,2024-08-07T13:30:44.050512+00:00,2024-08-19T16:00:00.290754+00:00,2024-08-19T16:00:00+00:00
New Summer Styles Just Dropped!,Sent,False,2024-08-07T13:01:01.643729+00:00,2024-08-08T07:22:06.358376+00:00,2024-08-14T07:00:11.698516+00:00,2024-08-14T07:00:00+00:00
Vacation time_ Not without your favorite sneakers!,Sent,False,2024-08-07T12:37:04.954456+00:00,2024-08-08T07:27:19.377668+00:00,2024-08-12T15:00:00.453800+00:00,2024-08-12T15:00:00+00:00
Step Up Your Summer Style - Loafers at 50% Off!,Sent,False,2024-08-06T07:26:39.568138+00:00,2024-08-07T13:00:04.625422+00:00,2024-08-08T15:00:09.169888+00:00,2024-08-08T15:00:00+00:00
05.08 Summer Holiday. Grab the hottest summer deals!,Sent,False,2024-08-06T07:04:45.682622+00:00,2024-08-06T07:21:45.798125+00:00,2024-08-06T15:59:55.948992+00:00,2024-08-06T16:00:00+00:00
29.07 Last Sizes,Sent,False,2024-07-22T07:16:30.264269+00:00,2024-07-22T12:19:38.044054+00:00,2024-07-29T15:29:51.264469+00:00,2024-07-29T15:30:00+00:00
25.07 Loafers - Summer Essentials,Sent,False,2024-07-22T06:56:25.227180+00:00,2024-07-22T07:14:36.777439+00:00,2024-07-25T07:00:07.527344+00:00,2024-07-25T07:00:00+00:00
21.07.24 Summer Breeze: SS' Collection,Sent,False,2024-07-18T12:47:10.194305+00:00,2024-07-18T15:53:22.849519+00:00,2024-07-21T15:29:50.619712+00:00,2024-07-21T15:30:00+00:00
18.07 Premium - Weddings,Sent,False,2024-07-05T15:41:48.724793+00:00,2024-07-05T15:48:36.390574+00:00,2024-07-18T15:00:17.789676+00:00,2024-07-18T15:00:00+00:00
15.07 Your favorite sneakers are back,Sent,False,2024-07-05T15:21:49.070612+00:00,2024-07-08T09:44:26.835629+00:00,2024-07-15T15:00:07.762112+00:00,2024-07-15T15:00:00+00:00
11.07 Last sizes 40-45,Sent,False,2024-07-05T09:56:41.648972+00:00,2024-07-05T14:54:15.031095+00:00,2024-07-11T15:00:17.403538+00:00,2024-07-11T15:00:00+00:00
08.07 Summer Sale is on,Sent,False,2024-07-05T08:31:03.189240+00:00,2024-07-05T14:52:13.413345+00:00,2024-07-08T15:00:09.078114+00:00,2024-07-08T15:00:00+00:00
04.07 - Blog Premium,Sent,False,2024-07-04T10:22:06.132751+00:00,2024-07-05T04:41:37.312649+00:00,2024-07-05T07:59:53.908901+00:00,2024-07-05T08:00:00+00:00
27.06 - FLASH SALE - 30_ ALL,Sent,False,2024-06-22T05:31:07.751654+00:00,2024-06-25T05:10:52.197708+00:00,2024-06-27T15:00:03.512633+00:00,2024-06-27T15:00:00+00:00
24.06 - Traction Loafer or Boat shoes,Sent,False,2024-06-11T16:33:15.255667+00:00,2024-06-13T04:37:14.703001+00:00,2024-06-24T14:59:53.775088+00:00,2024-06-24T15:00:00+00:00
21.06 - Discover Our Trending Blue And Grey Styles,Sent,False,2024-06-11T16:10:17.945599+00:00,2024-06-11T16:47:49.551138+00:00,2024-06-21T07:59:52.416625+00:00,2024-06-21T08:00:00+00:00
19.06 - Complete Your Look: New Arrival Leather Belts for Summer!,Sent,False,2024-06-06T07:14:53.716022+00:00,2024-06-06T10:20:43.416709+00:00,2024-06-19T14:59:52.252647+00:00,2024-06-19T15:00:00+00:00
17.06 - June Specials: Get your perfect pair of Summer Loafers,Sent,False,2024-06-06T06:53:40.448081+00:00,2024-06-06T10:22:08.754552+00:00,2024-06-17T14:59:58.125476+00:00,2024-06-17T15:00:00+00:00
14.06 - Surprise Dad: 20% Off on Father's Day Gifts!,Sent,False,2024-06-06T06:08:50.072560+00:00,2024-06-06T06:43:59.550581+00:00,2024-06-14T06:59:57.009433+00:00,2024-06-14T07:00:00+00:00
10.06 Step Into Fashion & comfort: Explore our latest summer collection,Sent,False,2024-06-06T05:56:24.860049+00:00,2024-06-06T08:42:13.729992+00:00,2024-06-10T15:00:02.779968+00:00,2024-06-10T15:00:00+00:00
06.06 - Shades of summer at 20% off,Sent,False,2024-06-04T11:12:33.887933+00:00,2024-06-05T09:48:31.767048+00:00,2024-06-06T15:00:18.346948+00:00,2024-06-06T15:00:00+00:00
31/05 Ultimate Must Haves,Sent,False,2024-05-09T05:58:14.299304+00:00,2024-05-09T15:02:20.261141+00:00,2024-05-31T15:29:51.172841+00:00,2024-05-31T15:30:00+00:00
27/05 Our Premium Leather Styles,Sent,False,2024-05-07T06:15:07.372592+00:00,2024-05-08T12:10:41.465409+00:00,2024-05-27T15:59:59.055721+00:00,2024-05-27T16:00:00+00:00
24/05 Your Sneakers Are Calling You Back,Sent,False,2024-05-08T07:19:40.412111+00:00,2024-05-08T12:12:18.787920+00:00,2024-05-24T15:45:05.964576+00:00,2024-05-24T15:45:00+00:00
